	Disulphid	Ensembl	FASTA	Main_AC	Max_Ft	Min_Ft	Min_Max_Of_the_Ft_chain	Protein_Description	Protein_Name	Uniprot_AC	Uniprot_Gene	Uniprot_ID	Uniprot_Type
0			ARTTAGSYRRYRRRCCSPRRLYRLRRRRYRSSRRRRRRPCRRRRHRRVCRRVRRRRRCCRRR	P15342	62	1	1 62		Sperm histone P2a	"P15342;
"		PRM2_HORSE	Uniprot
0		"ENSECAT00000029856;
ENSECAP00000023111;
ENSECAG00000027684.;
"	MFMINVLLLIVPILLAVAFLTLVERKVLGYMQLRKGPNIVGPYGLLQPIADALKLFIKEPLQPLTSSTSMFIIAPILALTLALTMWIPLPMPYPLINMNLGILFMLAMSSLAVYSILWSGWASNSKYALIGALRAVAQTISYEVTLAIILLSVLLMSGSFTLSTLIITQEYLWLIFPSWPLAMMWFISTLAETNRAPFDLTEGESELVSGFNVEYAAGPFALFFLAEYANIIMMNIFTTTLFLGAFHNPYLPELYSINFTIKALLLTCSFLWIRASYPRFRYDQLMHLLWKNFLPLTLALCMWHVSLPIMLSSIPPQT	P48652	318	1	1 318		NADH-ubiquinone oxidoreductase chain 1	"P48652;
"	MT-ND1	NU1M_HORSE	Uniprot
0		"ENSECAT00000020748;
ENSECAP00000017043;
ENSECAG00000019608.;
"	MMSAKNMVKVMIVMFAIFLLAKSDGKPVRKRSVSEIQLMHNLGKHLNSVERVEWLRKKLQDVHNFIALGAPIFHRDGGSQRPRKKEDNVLIESHQKSLGEADKADVDVLSKTKSQ	Q27IM2	115	32	32 115		Parathyroid hormone	"Q27IM2;
Q9N1V0;
"	PTH	PTHY_HORSE	Uniprot
